slopeH,NADPH_flux,NAD_flux,Fd_flux,F_slip,F_yield
-0.1676767676767677,-0.0551603919172265,0.0550262430545807,0.0001340423900866,0.7036688097219211,9.06448386570016
-0.1636363636363636,-0.060691868829025,0.0604698478230538,0.0002221538205318,0.701931804079913,8.238326856002192
-0.1595959595959596,-0.0623215331340958,0.0621050180137174,0.0002164275953828,0.7021945668243365,8.022914809026789
-0.1555555555555555,-0.0595863150343944,0.0594722563071314,0.0001139733357855,0.7044007400767207,8.391194487855753
